<?xml version="1.0" encoding="UTF-8" standalone="yes"?>
<addon id="repository.matthlock" name="Matthlock Repo" version="0.0.1" provider-name="matthlock">
    <extension point="xbmc.addon.repository" name="Example Repository">
        <dir>
            <info compressed="false">https://raw.githubusercontent.com/matthlock/repository.matthlock/master/zips/addons.xml</info>
            <checksum>https://raw.githubusercontent.com/matthlock/repository.matthlock/master/zips/addons.xml.md5</checksum>
            <datadir zip="true">https://raw.githubusercontent.com/matthlock/repository.matthlock/master/zips/</datadir>
        </dir>
    </extension>
    <extension point="xbmc.addon.metadata">
        <summary>Matthlock Repo</summary>
        <description></description>
        <disclaimer></disclaimer>
        <platform>all</platform>
        <assets>
            <icon>icon.png</icon>
            <fanart>fanart.jpg</fanart>
        </assets>
    </extension>
</addon>